1001272;Neumayer GesmbH;4;;;https://www.neumayer.co.at;www.se.com;Hauptplatz 2;3730;Eggenburg;;austria;
1001273;Nicolas Zens e.U. - Electro Ferber;4;;;;www.se.com;Gentzgasse 7;1180;Wien;;austria;
1001279;ntb Thalhammer Bürotechnik GmbH;4;;;www.ntb.at;www.se.com;10.-Oktober-Straße 27;9560;Feldkirchen;Carinthia;austria;
1001281;Open Systems Gebaeudetechnik GmbH;4;;;www.opensystems.at;www.se.com;Arnoldgasse 2 / Top 2;1210;Wien;;austria;
1001282;Österreichische Apotheker-Verlagsgesellschaft m.b.H.;4;;;;www.se.com;Spitalgasse 31A;1090;Wien;Vienna;austria;
1001283;PCS IT-Trading GmbH;4;;;www.pcs.at;www.se.com;Hermann Gebauer Straße 22a;1220;Wien;;austria;
1001284;PERCOM-SOFT HANDELS GESMBH;4;;;;www.se.com;Schlagthurn 24;;STANS;;austria;
1001287;Bechtle direct GmbH;4;;;;www.se.com;Johann Roithner-Str. 131;4050;Traun;;austria;
1001288;r&S regelungs- und steuerungstechnik;4;;;;www.se.com;Laßnitzthal 285;8200;Gleisdorf;;austria;
1001290;Regro Elektro-Großhandel GmbH;4;;;www.regro.at;www.se.com;Bildgasse 10d;6850;Dornbirn;;austria;
1001291;Regro Elektro-Großhandel GmbH;4;;;www.regro.at;www.se.com;Gewerbehofstraße 2;5071;Wals;;austria;
1001292;Regro Elektro-Großhandel GmbH;4;;;www.regro.at;www.se.com;Klostergasse 11;6020;Innsbruck;Tyrol;austria;
1001293;Regro Elektro-Großhandel GmbH;4;;;www.regro.at;www.se.com;Dietrich-Keller-Straße 20/ Technopark Raaba;8074;Raaba-Grambach;;austria;
1001294;Regro Elektro-Großhandel GmbH;4;;;www.regro.at;www.se.com;Murbangasse 1;1100;Wien;Vienna;austria;
1001295;Regro Elektro-Großhandel GmbH;4;;;www.regro.at;www.se.com;Industriezeile 42;4021;Linz;;austria;
1001296;REGRO Elektro-Grosshandel GmbH;4;;;;www.se.com;Brown-Boveri Straße 2;9020;Klagenfurt;Carinthia;austria;
1001312;SmartHomeKrainer GmbH;4;;;www.smarthomekrainer.at;www.se.com;Arndsdorf 2;5112;Lamprechtshausen;;austria;
1001314;Sonepar Österreich GmbH;4;;;www.sonepar.at;www.se.com;Bayernstraße 81;5071;Wals-Siezenheim;;austria;
1001315;Sonepar Österreich GmbH;4;;;www.sonepar.at;www.se.com;Gasometerweg 49;8055;Graz;Styria;austria;
1001318;Sonepar Österreich GmbH;4;;;www.sonepar.at;www.se.com;Valiergasse 33;6020;Innsbruck;;austria;
1001319;Sonepar Österreich GmbH;4;;;www.sonepar.at;www.se.com;Richard-Strauß-Straße 10;1230;Wien;;austria;
1001325;Sonepar Österreich GmbH NL Wien Ost;4;;;www.sonepar.at/;www.se.com;Hirschstettner Straße 15;1220;Wien;;austria;
1001327;Stadlmann GmbH;4;;;;www.se.com;Ehrenfellner-Straße 2;4060;Leonding;Upper Austria;austria;
1001329;STARA Elektrogroßhandelsgesellschaft m.b.H.;4;;;www.stara.at;www.se.com;Salzburger Straße 258;4020;Linz;;austria;
1001330;STARA Elektrogroßhandelsgesellschaft m.b.H.;4;;;www.stara.at;www.se.com;Autokaderstraße 31;1210;Wien;Vienna;austria;
1001332;STEF Elektrotechnik GmbH;4;;;https://www.stef.co.at/;www.se.com;Juchgasse 24/15;1030;Wien;;austria;
1001336;Stromberg Gmbh;4;;;www.stromberg-gmbh.com;www.se.com;Salzburger Straße 35;4690;Schwanenstadt;;austria;
1001338;SYSCOM GmbH;4;;;;www.se.com;HEINRICH-VON-BUOL-GASSE 10;1210;WIEN;Vienna;austria;
1001340;TD SYNNEX Austria GmbH;4;;;;www.se.com;Kranichberggasse 6/ Europlaza K;1120;Wien;;austria;
1001341;techbold network solutions GmbH;4;;;;www.se.com;Dresdner Straße 89;1200;Wien;Vienna;austria;
1001342;Bürotechnick Hienert;4;;;www.hienert.at;www.se.com;Marktplatz 1;2193;Wilfersdorf;;austria;
1001345;TO-Consulting / Thomas Ochsenbauer;4;;;;www.se.com;Wintergasse 5-11/G01;3002;Purkersdorf;Lower Austria;austria;
1001347;Walter Böhler Steuerungen GmbH;4;;;www.boehler.at;www.se.com;Fabrikstraße 6;6858;Schwarzach;;austria;
1001350;Actebis Computerhandels GmbH;4;;;www.also.com;www.se.com;Industriestraße 14;2301;Groß Enzersdorf;;austria;
1001353;compucons iT GmbH;4;;;https://www.compucons.at/;www.se.com;Percostrasse 15 / 1. OG;1220;Wien;Vienna;austria;
1001354;CONVOTIS Services GmbH;4;;;;www.se.com;Guglgasse 15;1110;Wien;Vienna;austria;
1001355;D & D Computersysteme;4;;;https://www.dd-computer.at;www.se.com;Leo Scheu-Gasse 11;8041;Graz;Styria;austria;
1001357;Dämon Elektro & Energie GmbH;4;;;https://www.daemon-haustechnik.at/;www.se.com;Kästnerstraße 6;4614;Marchtrenk;;austria;
1001360;DELTACOM Handelsgesellschaft m.b.H;4;;;www.deltacom.at;www.se.com;Ankershofenstraße 6;9020;Klagenfurt;;austria;
1001361;Akes David Singer;4;;;office@akes.at;www.se.com;Buchenweg 8;7411;Markt Allhau;;austria;
1001362;DHJ Oberladstätter;4;;;https://elektro-dhj.at/;www.se.com;Dorf 23;6210;Wiesing;;austria;
1001364;DP-Regeltechnik e.U.;4;;;;www.se.com;St. Georgener Hauptstrasse 151;3151;St. Georgen am Steinfelde;;austria;
1001369;Elcotrade GmbH;4;;;;www.se.com;Wilhelm-Redl-Strasse 3;;Andorf;;austria;
1001371;Elektro Blazek & Partner GmbH & Co KG;4;;;;www.se.com;Hauptplatz 26;2095;Drosendorf;;austria;
1001374;Elektro Herbst;4;;;www.elektro-herbst.at;www.se.com;Tulwitzdorf 64;8163;Fladnitz;;austria;
1001375;Elektro Kager GesmbH;4;;;;www.se.com;Eisenstädterstraße 91;7081;Schützen am Gebirge;Burgenland;austria;
1001376;Elektro Maier;4;;;;www.se.com;Saalhofstraße 2;5751;Maishofen;Salzburg;austria;
1001378;Elektro Pühringer GmbH;4;;;;www.se.com;Eichpichl 5;4341;Arbing;;austria;
1001381;Elektro Sponner Harald e.U.;4;;;;www.se.com;Hadres 26;2061;Hadres;Lower Austria;austria;
1001383;allyouneed Online GmBH;4;;;https://www.ayno.at;www.se.com;Schickgasse 3;A-1220;Wien;Vienna;austria;
1001384;Elektro Ziegelwanger GesmbH;4;;;www.expert-ziegelwanger.at;www.se.com;Kirchenplatz 10;3580;Horn;;austria;
1001387;Elektrotechnik Beingrübl;4;;;;www.se.com;Hemmerberg 20;8573;Kainach;;austria;
1001388;Elektrotechnik Gärtner Gärtner und Harauer OG;4;;;;www.se.com;Kremserstrasse 21;3494;Gedersdorf;;austria;
1001389;Elektrotechnik Johannes Weber e.U.;4;;;www.johannes-weber.com;www.se.com;Blasius-Hueber-Weg 10a;6173;Oberperfuss;Tyrol;austria;
1001391;Elektrotechnik Ragg;4;;;www.elektrotechnik-ragg.at;www.se.com;Blutschwitzerweg 53;6166;Fulpmes;;austria;
1001393;ETG Gürtler GmbH;4;;;www.etg-guertler.at;www.se.com;Gewerbepark 12;6068;Mils;;austria;
1001396;ETZ Elektrotechnik Zangerl;4;;;;www.se.com;Silvrettastr. 1;6561;Ischgl;;austria;
1001397;eww Anlagentechnik GmbH;4;;;;www.se.com;Knorrstraße 6;4600;Wels;;austria;
1001401;GFI Graz;4;;;https://weblink.gfi-elektro.at/;www.se.com;Gradnerstraße 172;8054;Graz;;austria;
1001402;GK - Elektrotechnik e.U.;4;;;;www.se.com;Braunhubergasse 23/2A;1110;Wien;;austria;
1001407;Haberkorn GmbH;4;;;www.haberkorn.com;www.se.com;Hohe Brücke;6961;Wolfurt ;Vorarlberg;austria;
1001412;HGA Haus- und Gebäudeautomation GmbH;4;;;;www.se.com;Pummerinplatz 3;4490;Sankt Florian;;austria;
1001420;Ingram Micro GmbH;4;;;;www.se.com;Guglgasse 7-9;1030;WIEN;;austria;
1001422;Jochen Tuch;4;;;;www.se.com;Münzfeld 23;4810;Gschwandt;Upper Austria;austria;
1001431;Kokol Gesellschaft m.b.H. & Co KG (Hans Peter);4;;;www.kokol-elektro.at;www.se.com;Hausnummer 144;8421;Wolfsberg im Schwarzautal;;austria;
1001432;KRENMAYR WOLFGANG ELEKTRO;4;;;;www.se.com;Wiener Str 23;2860;Kirchschlag In der Buckligen Welt;;austria;
1001435;Licht Loidl G.m.b.H.;4;;;www.licht-loidl.at;www.se.com;Lafnitz 186;8233;Lafnitz;;austria;
1001436;MAGISTRAT DER STADT WELS;4;;;;www.se.com;Stadtplatz 55;4600;WELS;;austria;
1002990;Akes David Singer;4;;;office@akes.at;www.se.com;Buchenweg 8;7411;Markt Allhau;;austria;
1002992;Elektro Sponner Harald e.U.;4;;;;www.se.com;Hadres 26;2061;Hadres;Lower Austria;austria;
1002994;Elektro Ziegelwanger GesmbH;4;;;www.expert-ziegelwanger.at;www.se.com;Kirchenplatz 10;3580;Horn;;austria;
1002996;Elektrotechnik Beingrübl;4;;;;www.se.com;Hemmerberg 20;8573;Kainach;;austria;
1002998;Elektrotechnik Ragg;4;;;www.elektrotechnik-ragg.at;www.se.com;Blutschwitzerweg 53;6166;Fulpmes;;austria;
1002999;ETZ Elektrotechnik Zangerl;4;;;;www.se.com;Silvrettastr. 1;6561;Ischgl;;austria;
1003001;Jochen Tuch;4;;;;www.se.com;Münzfeld 23;4810;Gschwandt;Upper Austria;austria;
1003007;KRENMAYR WOLFGANG ELEKTRO;4;;;;www.se.com;Wiener Str 23;2860;Kirchschlag In der Buckligen Welt;;austria;
1003009;Neumayer GesmbH;4;;;https://www.neumayer.co.at;www.se.com;Hauptplatz 2;3730;Eggenburg;;austria;
1003011;Stromberg Gmbh;4;;;www.stromberg-gmbh.com;www.se.com;Salzburger Straße 35;4690;Schwanenstadt;;austria;
1003012;Elektro Blazek & Partner GmbH & Co KG;4;;;;www.se.com;Hauptplatz 26;2095;Drosendorf;;austria;
1003014;Elektro Kager GesmbH;4;;;;www.se.com;Eisenstädterstraße 91;7081;Schützen am Gebirge;Burgenland;austria;
1003016;Elektro Pühringer GmbH;4;;;;www.se.com;Eichpichl 5;4341;Arbing;;austria;
