1018874;ACP d.o.o.;4;;;;www.se.com;Cirkovljan, Gornja ulica 38;40323;Prelog;Medimurje;croatia;
1018875;ACQUISITUM MAGNUM d.o.o.;4;;;www.adm.hr/;www.se.com;Jordanovac 42;10000;Zagreb;;croatia;
1018876;Duplico d.o.o.;4;;;;www.se.com;Svetonedeljska cesta 18;10436;Kalinovica;;croatia;
1018879;El-Go d.o.o.;4;;;;www.se.com;Stupari 32b;51000;Rijeka;Primorsko-goranska;croatia;
1018880;ELCOP d.o.o.;4;;;www.elcop.hr;www.se.com;Strojarska 14;10000;Zagreb;City of Zagreb;croatia;
1018881;ELCOP d.o.o.;4;;;www.elcop.hr;www.se.com;Zagrebačka 53a;42000;Varaždin;;croatia;
1018882;ELEKTRO CENTAR ZAPREŠIĆ;4;;;;www.se.com;Kelemena Božidara 20;10290;Zaprešić;;croatia;
1018890;H2 Shop;4;;;h2-shop.com;www.se.com;Slavonska Avenija 19;10000;Zagreb;;croatia;
1018892;IMAO electric d. o. o.;4;;;;www.se.com;Dr. Luje Naletilića 23/2;10000;Zagreb;;croatia;
1018893;IN-DI d.o.o.;4;;;www.in-di.hr;www.se.com;Vrsarska 4;52210;Rovinj;;croatia;
1018894;IN-DI d.o.o.;4;;;www.in-di.hr;www.se.com;Divkoviceva 2c;52100;Pula;;croatia;
1018898;Instar Informatika d.o.o.;4;;;www.instar-informatika.hr/;www.se.com;Zapoljska 40;10000;Zagreb;Zagreb;croatia;
1018904;LIPAPROMET d.o.o.;4;;;www.lipapromet.hr;www.se.com;Škurinjska cesta 1;51000;Rijeka;;croatia;
1018914;Mikronis d.o.o.;4;;;;www.se.com;Nova cesta 166;10000;Zagreb;;croatia;
1018916;Montelektro d.o.o.;4;;;www.montelektro.hr;www.se.com;Kudeji 53;51215;Kastav;Primorsko-goranska;croatia;
1018920;NABLA PLUS d.o.o. Pula;4;;;;www.se.com;Vitasoviceva 1A;52100;Pula;;croatia;
1018924;NETCOM d.o.o.;4;;;www.netcom.hr;www.se.com;Riva 6;51000;Rijeka;;croatia;
1018925;Oli Mare d.o.o.;4;;;;www.se.com;Veli Joze 2;52440;Porec;Istra;croatia;
1018928;Prosoft d.o.o.;4;;;www.prosoft.hr;www.se.com;Dr. Mile Budaka 1;35000;Slavonski Brod;;croatia;
1018929;Sirius d.o.o.;4;;;;www.se.com;Josipa Kosora 24;20000;Dubrovnik;;croatia;
1018931;SPB - INŽENJERING D.O.O.;4;;;;www.se.com;Ružićeva 41;51000;Rijeka;;croatia;
1018933;TecomTrade d.o.o.;4;;;www.tecomtrade.hr;www.se.com;Hrvatskog proljeća 20A;10000;Zagreb;;croatia;
1018941;Comel d.o.o.;4;;;www.comel.hr;www.se.com;M. Vrhovca 11;47000;Karlovac;;croatia;
1018946;ZIT d.o.o.;4;;;;www.se.com;Pavleka Miskine 37;42000;Varazdin;;croatia;
1018948;DARKOM d.o.o.;4;;;;www.se.com;Otona Ivekovica 15;42220;Novi Marof;;croatia;
