1017354;EPower Automation & Solutions Private Limited;4;;;;www.se.com;No. 5/704 - 188B, Street No: 39,;635109;Hosur;Tamil Nadu;india;
1017361;Agarwal & Company;4;;;;www.se.com;Mahesh pur ,Sec-21;143609;Panchkula;Haryana;india;
1017375;Global Automation;4;;;;www.se.com;Plot 357 Indl AreaPhase II;160002;Chandigarh;Chandigarh;india;
1017376;GOEL AGENCIES;4;;;;www.se.com;202, 2ND FLOOR, VENUS TOWER, ABOVE KOTAK LIFE INSURANCE, NR. TEEN PETROL PUMP,LBS MARG;400602;Mumbai;Maharashtra;india;
1017386;Hayleys Electronics Lighting Pvt Ltd;4;;;;www.se.com;No.25,Foster Lane;001;Colombo-10;Colombo;india;
1017417;Kanan Corporation;4;;;;www.se.com;Botawala Building, Room No 11, 1st;400002;Mumbai;Maharashtra;india;
1017420;Katson Traders;4;;;;www.se.com;Banerji Road, High Court Junction, Errnakulam,;682031;Cochin;Kerala;india;
1017422;Kelani Cables PLC;4;;;;www.se.com;P.O. Box 14, Wewalduwa Kelaniya;11600;Kelaniya;;india;
1017423;Kevin Technologies Pvt Ltd;4;;;;www.se.com;B-302, Safal Pegasus, Nr. Prahladnagar Garden, Anandnagar,, Gujarat;380051;Gujarat;Gujarat;india;
1017429;Kothari Electric Services Private Limited;4;;;;www.se.com;Shop No.3, Lilly Tower,S. V. Road;400102;Mumbai;Maharashtra;india;
1017435;L P Enterprises;4;;;;www.se.com;208,SUNANDA-TOWER, Bank Road;273001;Gorakhpur;Uttar Pradesh;india;
1017462;Manibhadra Electricals Pvt. Ltd.;4;;;;www.se.com;2/7, Krishna Niwas,;400002;Mumbai;Maharashtra;india;
1017465;Mark Engineering;4;;;;www.se.com;House 87, Plot -35/b, Road-2Panchlaish R/A,;4203;Chittagong;;india;
1017475;Mir Trading Company;4;;;;www.se.com;House - 55/1,Road - 8/A,Dhanmondi R/A Factory :Nishintapur,Jirabo,Ashulia,Savar,Dhaka.;1209;Dhaka;;india;
1017476;Mohali Electricals;4;;;;www.se.com;Plot No D1, Industrial Area Phase 1,;160055;Mohali;Punjab;india;
1017479;Monk Engineers Private Limited;4;;;;www.se.com;Plot No. L-19, Near Glaxo, MIDC,;422010;Nashik;Maharashtra;india;
1017481;Mukt Ultra Electric & Automation;4;;;;www.se.com;office number-510, Gandhi Path, Vaishali Nagar;302021;Jaipur;Rajasthan;india;
1017493;NEXUS ENTERPRISE;4;;;;www.se.com;11, Ashwamegh Wear House, B/h. Ujala Hotel, Sarkhej,;382210;Ahmedabad;Gujarat;india;
1017510;Packard Engineering Ltd.;4;;;;www.se.com;Sabbir Tower, 3/4 A , Purana Paltan(8th Floor);1000;Dhaka;;india;
1017516;Arihant Industrial Equipment;4;;;;www.se.com;F 3/16, 1st Floor, Ansari Road, Dar;110002;New Delhi;Delhi;india;
1017585;SAI Engineering Company;4;;;;www.se.com;NO-44, kakathpu Street;625001;Madurai;Tamil Nadu;india;
1017591;Sarthak Components Pvt. Ltd.;4;;;;www.se.com;Centre Point, Suite No. 204 A,;700001;Kolkata;West Bengal;india;
1017603;Shakti Treding Compniy;4;;;;www.se.com;Plot No. 12, Juna Gunj Bazar,;385001;Banaskantha;;india;
1017611;Shivamtech Switchgear;4;;;;www.se.com;Globe Estate, Office No. 308,;421306;Dombivali;Maharashtra;india;
1017612;Shivansh Control;4;;;;www.se.com;96/2 Haridwar Road opposite to LIC office Nehru Colony;248001;Dehradun;Uttarakhand;india;
1017626;Shri Krishna Electricals;4;;;;www.se.com;Shop No. 6, Iqbal Super Market,;201005;Sahibabad;Uttar Pradesh;india;
1017641;Sooryaoli Solar Products Private Limited;4;;;;www.se.com;137, 1st Floor, Villianur Main Road, Reddiyarpalayam, Pondicherry;605010;Pondicherry;Puduchery;india;
1017651;Sri Bhairaveshwara Switchgears;4;;;;www.se.com;#91,1st Floor,9th Main,3rd PhasePeenya Industrial Area,;560058;bangalore;Karnataka;india;
1017669;Switchet Electricals;4;;;;www.se.com;4th Floor, 412, Helios Galaxy Circl;395410;Surat;Gujarat;india;
1017693;Unitechnique Bangladesh;4;;;;www.se.com;D 57, Talbagh;1340;Savar;;india;
1017699;V.K.Electricals;4;;;;www.se.com;Near South Point Hotel, R Road, Bistupur, Jamshedpur;831001;Jamshedpur;Jharkhand;india;
1017707;Vivid Electromech Pvt. Ltd.;4;;;;www.se.com;A/163, TTCMIDC Industrial Estate,;400705;Navi Mumbai;Maharashtra;india;
1017708;VK Electricals;4;;;;www.se.com;Astha Trade Centre, Shop No.8, Q - Road, Bistupur, Jamshedpur - 831001, Q Rd, South Park, Bistupur, Jamshedpur, Jharkhand;831001;Jamshedpur;Jharkhand;india;
1017751;Dhriti Power Connect;4;;;;www.se.com;121, 3/B,;400059;Mumbai;Maharashtra;india;
1017759;Adex Corporation;4;;;;www.se.com;Shak Center, 56, Purana Paltan (3rd Floor);1000;Dhaka;;india;
1017760;Dynamic Solutions;4;;;;www.se.com;61 B, Tirth Nagar, Talab Tillo,;180007;Jammu;Jammu and Kashmir;india;
1017763;Eagle Sales Corporation;4;;;;www.se.com;R Champsi Road Kalbadevi;400002;Mumbai;Maharashtra;india;
