1004832;BAD DOG OFFICE DISTRIBUTION SRL;4;;;;www.se.com;Piata Stefan cel Mare , nr.4;400192;Cluj Napoca;Cluj;romania;
1004835;VBV Heizung ComProd srl;4;;;;www.se.com;Tulnici 10, bl.40, sc.1, et.7, aprt.44;041973;Bucuresti;;romania;
1004845;CORIL IMPORT-EXPORT.SRL;4;;;;www.se.com;107 Theodor Pallady Blvd.;032267;Bucharest;Bucuresti;romania;
1004848;Crosspoint Solutions;4;;;;www.se.com;Bucuresti Str. Rarau Nr 3Rarau 3;31243;Sect 3;Bucuresti;romania;
1004854;DIVATZ IT&C SRL;4;;;;www.se.com;Str. Cuza Voda nr.77;525200;COVASNA;Covasna;romania;
1004861;ENEVO GROUP SRL;4;;;;www.se.com;301-311 Barbu Vacarescu;020276;Bucuresti;Bucuresti;romania;
1004866;Flexik Automation SRL;4;;;;www.se.com;George Cosbuc 5;300048;Timisoara;Timis;romania;
1004867;FLUXIT SERVICES SRL;4;;;;www.se.com;Street Fabricii number 2B-A;060823;Bucuresti;Bucuresti;romania;
1004880;IOS Software Solutions SRL;4;;;www.ioss.ro;www.se.com;2th Clucerului, bl.36;11365;Bucharest;Bucuresti;romania;
1004881;IQ PLUS;4;;;www.iqplus.ro;www.se.com;Perju 29-31;700011;Iasi;;romania;
1004885;IT SMART DISTRIBUTION S.R.L.;4;;;www.itsmartdistribution.ro;www.se.com;Bd. Nicolae Caromfil Nr 71-73;014124;Bucuresti;Bucuresti;romania;
1004888;Konica Minolta Business Solutions Romania;4;;;www.konicaminolta.ro;www.se.com;Str Copilului 18;012178;Bucharest;;romania;
1004896;NEOTRONIX SRL;4;;;;www.se.com;STR.DILIGENTEI, NR 3;031555;BUCURESTI;Bucuresti;romania;
1004904;ANAIDRO COMPANY S.R.L.;4;;;www.anaidro.ro;www.se.com;Str. Nasaud, Nr 64A;7000;Bucuresti;Bucuresti;romania;
1004916;ROMTECH SRL;4;;;;www.se.com;Str.Sirenei, 6, Bl.B4, Sc.C, Ap.41;725100;Campulung Moldovenesc;Suceava;romania;
1004918;S.C. Mainfreight S.R.L.;4;;;;www.se.com;5 Conului Street;100213;Ploiesti;Prahova;romania;
1004926;AT Automation LLC;4;;;;www.se.com;ул. А.Хачатуряна, д. 9/57гЕреван;0012;Yerevan;;romania;
1004931;Synotech Global Services Romania S.R.L;4;;;;www.se.com;Strada Stirbei Voda nr.104-106;010119;Bucharest;Bucuresti;romania;
