1001694;SALTOKI ABRERA, S.L.;4;;;;www.se.com;C/TREBALL nº 1 (PG SANT ERMENGOL);08630;ABRERA;Barcelona;spain;
1001696;SALTOKI BARBERA, S.L.;4;;;;www.se.com;AVDA. SALVATELLA,  122;08210;BARBERA DEL VALLES;Barcelona;spain;
1001699;SALTOKI CENTRO, S.A ALCALA HENARES;4;;;;www.se.com;AVDA. DE EUROPA 4 BIS;28806;ALCALA DE HENARES;Madrid;spain;
1001714;SALTOKI VILAFRANCA S.L.;4;;;;www.se.com;C/ FONT DE SANT LLORENÇ, 26;08720;VILAFRANCA DEL PENEDÈS;Barcelona;spain;
1001735;SERINGE, S.A.;4;;;www.seringe.com;www.se.com;MAGDALENA, 14;28901;GETAFE;;spain;
1001817;SONEPAR IBERICA SPAIN, S.A.U.-DI. B;4;;;;www.se.com;GREMI FUSTERS, 43;7009;PALMA DE MALLORCA;Baleares;spain;
1001874;SUMINISTROS ELECTRICOS BASILIO ROBLES, S.L.;4;;;;www.se.com;JESUS MARTINEZ CORTADO, 62;30100;EL PUNTAL (ESPINARDO);Murcia;spain;
1001881;Suministros Eléctricos Coto, S.L.;4;;;;www.se.com;Calle Sigfrido 32;29006;Málaga;Malaga;spain;
1001908;Tecnica Tamano sl;4;;;;www.se.com;C/ La Faya nº 152, La Rosa;38730;Villa de Mazo;Sta. Cruz Tenerife;spain;
1001910;ABC PALAU, S.L.;4;;;;www.se.com;INDUSTRIA, S/NO. NAU 13 PG CAN CORTES;08184;PALAU-SOLITA I PLEGAMANS;Barcelona;spain;
1001912;TECNICAL LLEIDA, S.L.;4;;;;www.se.com;P.I.CAMI DELS FRARES C/C-PARC.22;25191;Lleida;Lleida;spain;
1001929;TEFRALUX, S.L.;4;;;www.tefralux.com;www.se.com;EL CERRITO S/N;46360;BUÑOL;Valencia;spain;
1001932;TELECOM ROJAS S.A.C.;4;;;;www.se.com;;+51;Chorrillos;Alava;spain;
1001951;TRAINING SISTEMAS;4;;;;www.se.com;Avda. de Europa, 2;28224;POZUELO DE ALARCÓN;Madrid;spain;
1002038;BERDIN BARCELONA , S.L.;4;;;;www.se.com;ORO, 16- POL.IND. LA CLOTA;8290;CERDANYOLA DEL VALLES;Barcelona;spain;
1002046;BIERZO ELECTRICIDAD Y CONTROL S.L.;4;;;;www.se.com;P.I.B. FASE II - C/ HAMBURGO,NAVE 1;24400;PONFERRADA;Leon;spain;
1002058;burnickl building technology;4;;;;www.se.com;Avenida de Aragón 30;46021;València;Valencia;spain;
1002059;Burvending;4;;;;www.se.com;Naves Taglosa nº 178-179;09007;Burgos;Burgos;spain;
1002063;CABLETEL DISTRIBUCIONES IBERIA;4;;;;www.se.com;P.I. TEMPRANAR;28946;FUENLABRADA;Madrid;spain;
1002079;Centro De Calculo De Tomelloso;4;;;;www.se.com;PL. DEL MONTE, 3;13700;Tomelloso;Ciudad Real;spain;
1002098;CIDE;4;;;;www.se.com;C/ ROSARIO PINO 18, 11ª DRCH.;28020;MADRID;Madrid;spain;
1002124;COMERCIAL ELEC.CANARIAS, S.A. FUERTEVENTURA;4;;;;www.se.com;PROL.JUAN REJON-NAVE 62 CHARCO;35600;PUERTO DEL ROSARIO;Las Palmas;spain;
1002171;Cuadros Electricos Nazarenos;4;;;www.censolutions.es;www.se.com;Carretera de la Esclusa s/n Zona Franca;41011;Dos Hermanas;Sevilla;spain;
1002205;DIELECTRO INDUSTRIAL S.A;4;;;;www.se.com;C / FRANCIA , 23 NAVE 7 C POLIGONO INDUSTRIAL ACCESO SUR;12006;CASTELLON;Castellon;spain;
1002233;AGALISA-XXI;4;;;;www.se.com;C/ Progreso, 41, 1ofic.1;36202;VIGO;Pontevedra;spain;
1002239;DISMANET,S.L.;4;;;;www.se.com;Parroco Emilio Franco, 24;28053;MADRID;Madrid;spain;
1002262;DUOK INFORMATICA;4;;;;www.se.com;PASEO DE LUGARITZ 25,BAJO,OF 4;20018;SAN SEBASTIAN;Guipuzcoa;spain;
1002280;EJIDO SISTEMAS INFORMÁTICOS, SL;4;;;;www.se.com;C/Jaen 18;04700;EL EJIDO;Almeria;spain;
1002296;ELECTRO MERCANTIL EXTREMADURA DAM, S.L.;4;;;;www.se.com;Polg. Industrial Las CapellaníasC/ Tejedores nº43;10005;Cáceres;Caceres;spain;
1002300;ELECTRO PLA GRANOLLERS (DEL. BADALONA);4;;;www.electropla.cat;www.se.com;c/eduard marquina,32, nau 21;08911;BADALONA;Barcelona;spain;
1002302;ELECTRO STOCKS ALGECIRAS;4;;;;www.se.com;C/Cruzero Nº 3,5,7;11370;LOS BARRIOS;Cadiz;spain;
1002308;ELECTROGRANXA, S.L.;4;;;;www.se.com;POG. IND. A GRANXA, CALLE D-PARC.90;36400;O PORRIÑO;Pontevedra;spain;
1002315;Electromercantil;4;;;;www.se.com;avda martin palomino 33;10600;Plasencia;Caceres;spain;
1002324;ELECTROSTOCKS BCN;4;;;;www.se.com;CALLE GRAN SANT ANDREU 72-74;08030;BARCELONA;Barcelona;spain;
1002331;ELEKTRA ANDALUCIA XXI, S.L.;4;;;;www.se.com;CANALEJA- POL.IN. LA PAZ 49;21007;HUELVA;Huelva;spain;
1002351;Empatiza Consulting;4;;;;www.se.com;Parque Tecnológico de Asturias, 45, Edificio CentroElena-2, Oficina 1-H;33428;Llanera;Asturias;spain;
1002354;ENCODE SOLUCIONES INFORMATICAS S.L.;4;;;;www.se.com;C/ SAN FRANCESC DE BORJA Nº 56;46701;GANDIA;Valencia;spain;
1002447;GRAFENO ARQUITECTURA;4;;;;www.se.com;PLAZA MAYOR 37-1 TORRENTE;46900;TORRENTE;Valencia;spain;
1002461;GRUPO ELECTRO STOCKS, S.L.;4;;;;www.se.com;Calle Uranio, 31;29630;MARBELLA;Malaga;spain;
1002483;Grupo Novelec;4;;;;www.se.com;C/PARE JOSEP MANXARELL 7-9;07800;IBIZA;Baleares;spain;
1002507;IBERMATICA, S.A.;4;;;;www.se.com;Campezo nº 1;28022;madrid;Madrid;spain;
1002550;INFORMATICA CALCULO Y TECNICA SA;4;;;https://www.ict-iberia.com/;www.se.com;Calle Juan Ignacio Luca de Tena 8;28027;Madrid;Madrid;spain;
1002571;Informativa Varela;4;;;;www.se.com;Avda mediterrani 77 sotano;08397;Pineda de mar;Barcelona;spain;
1002597;INSTALACIONES INABENSA;4;;;;www.se.com;Ctra. de la Esclusa, s/n Parcela ZE-3;41011;Sevilla;Sevilla;spain;
1002600;Institut de l'Ebre;4;;;;www.se.com;AV. Colom, 42;43500;Tortosa;Tarragona;spain;
1002619;JAB CINCO VILLAS DAM, S.L.;4;;;;www.se.com;POL. IND. VALDEFERRIN, C/1 PAR R-96;;EJEA DE LOS CABALLEROS;;spain;
1002624;JELP Servicios Informáticos;4;;;;www.se.com;C/ Torrelaguna, 61 1º C;28027;Madrid;Madrid;spain;
1002636;KETXE, S.L.;4;;;;www.se.com;Pol. Leguizamon;48450;Etxebarri;Vizcaya;spain;
1002661;LLORENS MIRO, S.A.;4;;;;www.se.com;DR. MARCO MERENCIANO, 51;46025;VALENCIA;Valencia;spain;
1002671;M.Jose Serralvo Bernal;4;;;;www.se.com;;08630;Abrera;Barcelona;spain;
1002686;Mariano Timoteo;4;;;;www.se.com;Azagador 30;28232;Las Rozas de Madrid;Melilla;spain;
1002700;MCB INFORMATICA;4;;;;www.se.com;C/ PALENCIA, 31;28020;MADRID;Madrid;spain;
1002759;NATANAEL, SL.;4;;;;www.se.com;Carmen Conde, S/N Bajos;30011;Murcia;Murcia;spain;
1002792;Novelec Gadir;4;;;;www.se.com;PI EL PORTAL NAVE 15;11408;JEREZ DE LA FRONTERA;Cadiz;spain;
1002796;NOVELEC INDEL, S.L.;4;;;;www.se.com;c/Francesc Layret, 14 - Nave 10 y 11 Polígono Industrial Sant Ermengol II;08630;ABRERA;Barcelona;spain;
1002797;NOVELEC LEVANTE, S.L.;4;;;;www.se.com;Pol. Ind. de Babel C/ Los Transportes, 7.;03008;ALICANTE;Alicante;spain;
1002804;NOVELEC RIAS BAIXAS, S.L.;4;;;;www.se.com;CAMIÑO DA RAPOSEIRA 14-B LAMEIRO;36214;VIGO;Pontevedra;spain;
1002808;NOVELEC TEIDE, S.L.;4;;;;www.se.com;AVDA ROSA DE LOS VIENTOS, S7N-PARQUE GALEON;38670;ADEJE;Sta. Cruz Tenerife;spain;
1002811;NOVELEC VEGA BAJA, S.L.;4;;;;www.se.com;C/ ESCULTORES HERMANOS BLANCO, 19;03183;TORREVIEJA;Alicante;spain;
1002829;Onelec suministros electricos;4;;;;www.se.com;C/ Daza Valdes 14;28914;Leganes;Madrid;spain;
1002831;Onuba Technology, S.L.;4;;;;www.se.com;C/Alferez Durán Nº 7,Local A;21810;Palos de la Frontera;;spain;
1002880;PRINTREPORT S.L.;4;;;;www.se.com;CL FERNANDO PESSOA 21 BJ;8030;BARCELONA;Barcelona;spain;
1002893;PRODUCTOS ELECTRICOS INDUSTRIALES, S.A (BCN);4;;;;www.se.com;C/ BALMES 111-125;08930;SANT ADRIA DE BESOS;Barcelona;spain;
1002894;PRODUCTOS ELECTRICOS INDUSTRIALES, S.A.;4;;;;www.se.com;Pgno Los Peñones - Crta. Granada N-340 km 267;30800;Lorca;Murcia;spain;
1002896;PRODUCTOS ELECTRICOS INDUSTRIALES, S.A.;4;;;;www.se.com;GREGORIO MARAÑON, 11;28914;LEGANES;Madrid;spain;
1002942;REXEL SPAIN, S.L.U.;4;;;;www.se.com;AVDA.DE MADRID, 88 - NAVE 1 Y 2;28500;ARGANDA DEL REY;Madrid;spain;
