1002991;Aschaber Elektro Ges.m.b.H.&Co.KG;4;+43535667600;elektro@aschaber.at;www.aschaber.at;www.se.com;St.Johannerstraße 50a;6370;Kitzbühel;;austria;
1002993;Elektro Taschner GmbH;4;+43(0)2173223214;office@taschner.eu;https://www.redzac.at/taschner;www.se.com;Badgasse 5;7122;Gols;;austria;
1002995;Elektrotechnik Apfler;4;+43(0)26363956;info@elektroapfler.at;www.elektroapfler.at;www.se.com;Sierningstrasse 11;2734;Puchberg am Schneeberg;;austria;
1002997;Elektrotechnik Machek GmbH;4;+43(0)346239150;office@elektrotechnik-machek.at;https://www.elektrotechnik-machek.at/;www.se.com;Grazer Straße 1;8530;Deutschlandsberg;;austria;
1003000;Ing. Mag. Leopold Michael Haider KG;4;+43(0)316297117-0;office@haider-graz.at;www.haider-graz.at;www.se.com;Gasometerweg 47;8055;Graz;Styria;austria;
1003002;Elektro Arnold GmbH;4;+43(0)5372626400;office@elektro-arnold.at;www.elektro-arnold.at;www.se.com;;6330;Kufstein;;austria;
1003003;Jürgen Reinprecht Elektrotechnik GmbH;4;+43(0)314320797;j.reinprecht@jrelektrotechnik.at;www.jrelektrotechnik.at;www.se.com;Industriepark Steinwand 3;8564;Krottendorf;;austria;
1003004;Kirchberger Erich;4;+43(0)6644147560;office@ehm-service.at;www.ehm-service.at;www.se.com;Gewerbepark 6;4707;Schlüßlberg;;austria;
1003005;KL Gebäudetechnik GmbH;4;+43(0)6769344671;office@kl-gebaeudetechnik.at;www.kl-gebaeudetechnik.at;www.se.com;Harter Straße 141;8053;Graz;Styria;austria;
1003006;Klenk & Meder GmbH;4;+43(0)27428980;office@klenk.at;www.klenk.at;www.se.com;Klenkstraße 1;3100;St. Pölten;;austria;
1003008;MG Gratz GmbH;4;436764385482;;;www.se.com;Hannakstraße 5;5023;Salzburg-Gnigl;;austria;
1003010;NÖSTERER Elektrotechnik GmbH;4;+43(0)6644406210;office@elektrotechnik-noesterer.at;https://www.elektrotechnik-noesterer.at;www.se.com;Mühlbergweg 1;4360;Grein;;austria;
1003013;Elektro Brand GmbH;4;+43(0)3112-2000;office@elektrobrand.at;www.elektrobrand.at/;www.se.com;Neugasse 115;8200;Gleisdorf;Styria;austria;
1003015;Elektro Prettner GmbH;4;+43(0)3463812500;office@eprettner.at;www.eprettner.at;www.se.com;St. Stefan Ob Stainz 18;8511;St. Stefan ob Stainz;;austria;
1003017;Elektro Schilcher;4;+436509998817;schilcherd.office@gmail.com;https://www.et-schilcher.at;www.se.com;Klachl 9;9560;Feldkirchen in Kärnten;Carinthia;austria;
1003018;Elektro Schiller GmbH;4;+43(0)5122144220;info@elektro-schiller.at;https://elektro-schiller.at;www.se.com;Mentlgasse 1;6020;Innsbruck;;austria;
