1012962;AC/DC Electric Artykuly Elektrotechniczne;4;+48586614849;;;www.se.com;Morska 107/109;81-222;Gdynia;Pomorskie;poland;
1013264;P.W. ELEKTRO-HURT;4;0;;;www.se.com;Rawicka 3;63-700;Krotoszyn;Wielkopolskie;poland;
1013286;PPHU ELECTRO-UNIT Spółka Cywilna Jędrzejak Kania;4;0;;;www.se.com;Boleslawa Krzywoustego 1/12;51-165;Wroclaw;Dolnoslaskie;poland;
1013346;Przedsiebiorstwo Handlowe Alfa-Elektro Sp. z o.o.;4;0;;;www.se.com;Benedyktynska 11;27-200;Starachowice;Swietokrzyskie;poland;
1013365;Przedsiebiorstwo Handlowe Alfa-Elektro Sp. z o.o.;4;0;;;www.se.com;Sportowa 4;55-200;Olawa;Dolnoslaskie;poland;
1013408;ROMAN BARTOSZEWSKI P.H.U. APARATEX;4;0;;;www.se.com;Pradzynskiego 1,;63-400;Ostrów Wielkopolski;Wielkopolskie;poland;
1013453;Elektrotechnika MORS Sp. z o.o.;4;0;;;www.se.com;Andrzeja Struga 13/21;95-100;Zgierz;Lodzkie;poland;
1013556;ANDREM AB Sp. z o.o.;4;(+48)(58)7701560;biuro@andrem-ab.pl;https://andrem-ab.pl/;www.se.com;ul. Gołębia 11;81-185;Gdynia;Pomorskie;poland;
1013560;Elektryk Sp. z o.o.;4;+48625001035;sklep@elektryk.net.pl;https://elektryk.net.pl/;www.se.com;ul. Dobrzecka 72;62-800;Kalisz;Wielkopolskie;poland;
1013613;Unima 2000 Systemy Teleinformatyczne S.A.;4;+48228833656;t.ziarko@unima2000.pl;www.unima2000.pl;www.se.com;Skarżyńskiego 14;31-866;Kraków;Malopolskie;poland;
1013627;Zaklad Systemow Komputerowych ZSK Sp. z o.o.;4;+48122692422;adam.tarnawski@zsk.pl;www.zsk.pl;www.se.com;Babinskiego 62A;30-393;Kraków;Malopolskie;poland;
1013655;Electricon Sp. z o.o.;4;+48123128610;biuro@electricon.com.pl;electricon.com.pl/;www.se.com;ul. Longinusa Podbipięty 29A;31-980;Kraków;;poland;
1013656;Elmiko Sp. z o.o.;4;(+48)322263132;biuro@elmiko.biz;www.elmiko.biz/;www.se.com;ul. Rybnicka 20;43-190;Mikołów;Slaskie;poland;
1013661;ETAK Sp. z o.o.;4;+48338423388;;;www.se.com;Chemików 9C;32-600;Oswiecim;Malopolskie;poland;
